customer_name_param,CustomerName,AccountType,InitialBalance,CurrentBalance
Shelly,SHELLY JUWITA,saving,1500000.0000,1600000.0000
Shelly,SHELLY JUWITA,checking,25000000.0000,14000000.0000
shelly juwita,SHELLY JUWITA,saving,1500000.0000,1600000.0000
shelly juwita,SHELLY JUWITA,checking,25000000.0000,14000000.0000
Ani,ANI NURAINI,checking,25000000.0000,24900000.0000
Ani,ANI NURAINI,saving,10000000.0000,10700000.0000
Rio Wijaya,RIO WIJAYA,saving,75000000.0000,75500000.0000
a,SHELLY JUWITA,saving,1500000.0000,1600000.0000
a,BOBI RINALDO,saving,500000.0000,1500000.0000
a,SHELLY JUWITA,checking,25000000.0000,14000000.0000
a,SUSI RAHMAWATI,saving,75000000.0000,75200000.0000
a,DIMAS PRASETYO,checking,1500000.0000,1350000.0000
a,BUNGA MALIKA,checking,25000000.0000,24700000.0000
a,RIA ADDINI,saving,80000000.0000,82000000.0000
a,LISA WULANDARI,checking,25000000.0000,24000000.0000
a,RIO WIJAYA,saving,75000000.0000,75500000.0000
a,AHMAD RIYANSAH,checking,25000000.0000,24500000.0000
a,MARIO ROBERT,saving,55000000.0000,56500000.0000
a,KHANSA AUDYA,checking,25000000.0000,24500000.0000
a,ANI NURAINI,checking,25000000.0000,24900000.0000
a,ANI NURAINI,saving,10000000.0000,10700000.0000
a,RIAN WIBOWO,checking,25000000.0000,24970000.0000
a,LUTFI AULIA,saving,55000000.0000,57500000.0000
a,MALIKA CANTIKA,checking,25000000.0000,24850000.0000
a,RATNA SARIASIH,checking,6000000.0000,5200000.0000
Malika,BUNGA MALIKA,checking,25000000.0000,24700000.0000
Malika,MALIKA CANTIKA,checking,25000000.0000,24850000.0000
Ratna,RATNA SARIASIH,checking,6000000.0000,5200000.0000
%,SHELLY JUWITA,saving,1500000.0000,1600000.0000
%,BOBI RINALDO,saving,500000.0000,1500000.0000
%,SHELLY JUWITA,checking,25000000.0000,14000000.0000
%,SUSI RAHMAWATI,saving,75000000.0000,75200000.0000
%,DIMAS PRASETYO,checking,1500000.0000,1350000.0000
%,BUNGA MALIKA,checking,25000000.0000,24700000.0000
%,RIA ADDINI,saving,80000000.0000,82000000.0000
%,LISA WULANDARI,checking,25000000.0000,24000000.0000
%,RIO WIJAYA,saving,75000000.0000,75500000.0000
%,AHMAD RIYANSAH,checking,25000000.0000,24500000.0000
%,MARIO ROBERT,saving,55000000.0000,56500000.0000
%,KHANSA AUDYA,checking,25000000.0000,24500000.0000
%,ANI NURAINI,checking,25000000.0000,24900000.0000
%,ANI NURAINI,saving,10000000.0000,10700000.0000
%,RIAN WIBOWO,checking,25000000.0000,24970000.0000
%,LUTFI AULIA,saving,55000000.0000,57500000.0000
%,MALIKA CANTIKA,checking,25000000.0000,24850000.0000
%,RATNA SARIASIH,checking,6000000.0000,5200000.0000
