start_date,end_date,Date,TotalTransactions,TotalAmount
2024-01-18,2024-01-20,2024-01-20,3,2000000.0000
2022-01-01,2024-12-31,2022-01-01,2,1100000.0000
2022-01-01,2024-12-31,2022-01-11,2,11000000.0000
2022-01-01,2024-12-31,2022-02-21,3,350000.0000
2022-01-01,2024-12-31,2022-03-05,1,5000000.0000
2022-01-01,2024-12-31,2022-03-15,1,300000.0000
2022-01-01,2024-12-31,2022-03-24,1,2000000.0000
2022-01-01,2024-12-31,2024-01-20,3,2000000.0000
2022-01-01,2024-12-31,2024-01-21,2,2000000.0000
2022-01-01,2024-12-31,2024-01-22,7,4380000.0000
2024-01-22,2024-01-22,2024-01-22,7,4380000.0000
