AccountID,CustomerID,AccountType,Balance,DateOpened,Status
1,1,saving,1500000.0000,2020-05-01,active
2,2,saving,500000.0000,2020-06-01,active
3,1,checking,25000000.0000,2020-06-21,active
4,3,checking,4500000.0000,2021-06-24,terminated
5,4,saving,75000000.0000,2020-06-29,active
6,5,checking,1500000.0000,2020-07-01,active
7,6,saving,15000000.0000,2020-07-14,terminated
8,7,checking,25000000.0000,2020-07-15,active
9,8,saving,80000000.0000,2020-07-15,active
10,9,checking,25000000.0000,2020-07-16,active
11,10,saving,75000000.0000,2020-07-24,active
12,11,checking,25000000.0000,2020-08-08,active
13,12,saving,55000000.0000,2020-08-15,active
14,13,checking,25000000.0000,2020-08-15,active
15,14,saving,45000000.0000,2020-09-25,terminated
16,15,checking,25000000.0000,2020-09-26,active
17,15,saving,10000000.0000,2020-10-19,active
18,17,checking,25000000.0000,2020-10-21,active
19,18,saving,55000000.0000,2020-11-11,active
20,19,checking,25000000.0000,2020-11-19,active
21,20,checking,6000000.0000,2020-11-29,active
