TransactionID,AccountID,TransactionDate,Amount,TransactionType,BranchID
1,1,2022-01-01 09:10:00,100000.0000,Deposit,1
2,2,2022-01-01 10:10:00,1000000.0000,Deposit,1
3,3,2022-01-11 08:30:00,10000000.0000,Transfer,1
4,3,2022-01-11 10:45:00,1000000.0000,Withdrawal,1
5,5,2022-02-21 11:10:00,200000.0000,Deposit,1
6,6,2022-02-21 13:10:00,50000.0000,Withdrawal,1
7,6,2022-02-21 14:00:00,100000.0000,Payment,1
8,7,2022-03-05 09:10:00,5000000.0000,Deposit,1
9,8,2022-03-15 10:40:00,300000.0000,Withdrawal,2
10,9,2022-03-24 12:10:00,2000000.0000,Deposit,1
11,10,2024-01-20 15:00:00,1000000.0000,Transfer,1
12,11,2024-01-20 10:00:00,500000.0000,Deposit,1
13,12,2024-01-20 12:10:00,500000.0000,Withdrawal,5
14,13,2024-01-21 14:00:00,1500000.0000,Deposit,4
15,14,2024-01-21 08:00:00,500000.0000,Transfer,3
16,15,2024-01-22 09:00:00,100000.0000,Deposit,1
17,16,2024-01-22 13:10:00,100000.0000,Withdrawal,5
18,17,2024-01-22 10:20:00,700000.0000,Deposit,5
19,18,2024-01-22 11:00:00,30000.0000,Payment,2
20,19,2024-01-22 15:00:00,2500000.0000,Deposit,2
21,20,2024-01-22 11:30:00,150000.0000,Payment,4
22,21,2024-01-22 10:45:00,800000.0000,Withdrawal,5
